"No.","Time","Source","Destination","Protocol","Length","Info"
"1","22:28:38,167090","controller","host","HCI_EVT","7","Rcvd Command Status (No Operation)"
"2","22:28:38,246609","host","controller","HCI_CMD","4","Sent Reset"
"3","22:28:38,486169","controller","host","HCI_EVT","7","Rcvd Command Complete (Reset)"
"4","22:28:38,486983","host","controller","HCI_CMD","4","Sent Read Buffer Size"
"5","22:28:38,489147","controller","host","HCI_EVT","14","Rcvd Command Complete (Read Buffer Size)"
"6","22:28:38,489877","host","controller","HCI_CMD","11","Sent Host Buffer Size"
"7","22:28:38,491849","controller","host","HCI_EVT","7","Rcvd Command Complete (Host Buffer Size)"
"8","22:28:38,492934","host","controller","HCI_CMD","4","Sent Read Local Version Information"
"9","22:28:38,495407","controller","host","HCI_EVT","15","Rcvd Command Complete (Read Local Version Information)"
"10","22:28:38,496128","host","controller","HCI_CMD","4","Sent Read BD ADDR"
"11","22:28:38,498037","controller","host","HCI_EVT","13","Rcvd Command Complete (Read BD ADDR)"
"12","22:28:38,498773","host","controller","HCI_CMD","4","Sent Read Local Supported Commands"
"13","22:28:38,500644","controller","host","HCI_EVT","71","Rcvd Command Complete (Read Local Supported Commands)"
"14","22:28:38,501383","host","controller","HCI_CMD","5","Sent Read Local Extended Features"
"15","22:28:38,503130","controller","host","HCI_EVT","17","Rcvd Command Complete (Read Local Extended Features)"
"16","22:28:38,503872","host","controller","HCI_CMD","5","Sent Write Simple Pairing Mode"
"17","22:28:38,505743","controller","host","HCI_EVT","7","Rcvd Command Complete (Write Simple Pairing Mode)"
"18","22:28:38,506476","host","controller","HCI_CMD","6","Sent Write LE Host Supported"
"19","22:28:38,508516","controller","host","HCI_EVT","7","Rcvd Command Complete (Write LE Host Supported)"
"20","22:28:38,509734","host","controller","HCI_CMD","5","Sent Read Local Extended Features"
"21","22:28:38,511665","controller","host","HCI_EVT","17","Rcvd Command Complete (Read Local Extended Features)"
"22","22:28:38,512278","host","controller","HCI_CMD","5","Sent Read Local Extended Features"
"23","22:28:38,514798","controller","host","HCI_EVT","17","Rcvd Command Complete (Read Local Extended Features)"
"24","22:28:38,515518","host","controller","HCI_CMD","5","Sent Write Secure Connections Host Support"
"25","22:28:38,517684","controller","host","HCI_EVT","7","Rcvd Command Complete (Write Secure Connections Host Support)"
"26","22:28:38,518449","host","controller","HCI_CMD","4","Sent LE Read White List Size"
"27","22:28:38,520263","controller","host","HCI_EVT","8","Rcvd Command Complete (LE Read White List Size)"
"28","22:28:38,520999","host","controller","HCI_CMD","4","Sent LE Read Buffer Size"
"29","22:28:38,522959","controller","host","HCI_EVT","10","Rcvd Command Complete (LE Read Buffer Size)"
"30","22:28:38,523693","host","controller","HCI_CMD","4","Sent LE Read Supported States"
"31","22:28:38,525471","controller","host","HCI_EVT","15","Rcvd Command Complete (LE Read Supported States)"
"32","22:28:38,526238","host","controller","HCI_CMD","4","Sent LE Read Local Supported Features"
"33","22:28:38,527947","controller","host","HCI_EVT","15","Rcvd Command Complete (LE Read Local Supported Features)"
"34","22:28:38,528552","host","controller","HCI_CMD","4","Sent LE Read Resolving List Size"
"35","22:28:38,530508","controller","host","HCI_EVT","8","Rcvd Command Complete (LE Read Resolving List Size)"
"36","22:28:38,531249","host","controller","HCI_CMD","4","Sent LE Read Maximum Data Length"
"37","22:28:38,533051","controller","host","HCI_EVT","15","Rcvd Command Complete (LE Read Maximum Data Length)"
"38","22:28:38,533784","host","controller","HCI_CMD","4","Sent LE Read Suggested Default Data Length"
"39","22:28:38,535579","controller","host","HCI_EVT","11","Rcvd Command Complete (LE Read Suggested Default Data Length)"
"40","22:28:38,535962","host","controller","HCI_CMD","12","Sent LE Set Event Mask"
"41","22:28:38,537494","controller","host","HCI_EVT","7","Rcvd Command Complete (LE Set Event Mask)"
"42","22:28:38,538228","host","controller","HCI_CMD","12","Sent Set Event Mask"
"43","22:28:38,540026","controller","host","HCI_EVT","7","Rcvd Command Complete (Set Event Mask)"
"44","22:28:38,540583","host","controller","HCI_CMD","4","Sent Read Local Supported Codecs"
"45","22:28:38,542215","controller","host","HCI_EVT","13","Rcvd Command Complete (Read Local Supported Codecs)"
"46","22:28:38,544205","host","controller","HCI_CMD","4","Sent LE Clear Resolving List"
"47","22:28:38,546143","controller","host","HCI_EVT","7","Rcvd Command Complete (LE Clear Resolving List)"
"48","22:28:38,546473","host","controller","HCI_CMD","6","Sent LE Set Resolvable Private Address Timeout"
"49","22:28:38,548051","controller","host","HCI_EVT","7","Rcvd Command Complete (LE Set Resolvable Private Address Timeout)"
"50","22:28:38,548184","host","controller","HCI_CMD","5","Sent Write Inquiry Mode"
"51","22:28:38,551129","controller","host","HCI_EVT","7","Rcvd Command Complete (Write Inquiry Mode)"
"52","22:28:38,551250","host","controller","HCI_CMD","5","Sent Write Page Scan Type"
"53","22:28:38,554078","controller","host","HCI_EVT","7","Rcvd Command Complete (Write Page Scan Type)"
"54","22:28:38,554194","host","controller","HCI_CMD","5","Sent Write Inquiry Scan Type"
"55","22:28:38,556847","controller","host","HCI_EVT","7","Rcvd Command Complete (Write Inquiry Scan Type)"
"56","22:28:38,556986","host","controller","HCI_CMD","7","Sent Write Class of Device"
"57","22:28:38,559489","controller","host","HCI_EVT","7","Rcvd Command Complete (Write Class of Device)"
"58","22:28:38,559607","host","controller","HCI_CMD","6","Sent Write Page Timeout"
"59","22:28:38,562385","controller","host","HCI_EVT","7","Rcvd Command Complete (Write Page Timeout)"
"60","22:28:38,562501","host","controller","HCI_CMD","6","Sent Write Default Link Policy Settings"
"61","22:28:38,565140","controller","host","HCI_EVT","7","Rcvd Command Complete (Write Default Link Policy Settings)"
"62","22:28:38,565274","host","controller","HCI_CMD","4","Sent Vendor Command 0x0153 (opcode 0xFD53)"
"63","22:28:38,567099","controller","host","HCI_EVT","21","Rcvd Command Complete (Vendor Command 0x0153 [opcode 0xFD53])"
"64","22:28:38,567216","host","controller","HCI_CMD","4","Sent Vendor Command 0x017D (opcode 0xFD7D)"
"65","22:28:38,568898","controller","host","HCI_EVT","18","Rcvd Command Complete (Vendor Command 0x017D [opcode 0xFD7D])"
"66","22:28:38,569061","host","controller","HCI_CMD","4","Sent Read Local Name"
"67","22:28:38,571315","controller","host","HCI_EVT","255","Rcvd Command Complete (Read Local Name)"
"68","22:28:38,572188","host","controller","HCI_CMD","43","Sent LE Add Device to Resolving List"
"69","22:28:38,574917","controller","host","HCI_EVT","7","Rcvd Command Complete (LE Add Device to Resolving List)"
"70","22:28:38,575137","host","controller","HCI_CMD","12","Sent LE Set Privacy Mode"
"71","22:28:38,576828","controller","host","HCI_EVT","7","Rcvd Command Complete (LE Set Privacy Mode)"
"72","22:28:38,577014","host","controller","HCI_CMD","5","Sent LE Set Address Resolution Enable"
"73","22:28:38,579402","controller","host","HCI_EVT","7","Rcvd Command Complete (LE Set Address Resolution Enable)"
"74","22:28:38,579596","host","controller","HCI_CMD","252","Sent Change Local Name"
"75","22:28:38,582012","controller","host","HCI_EVT","7","Rcvd Command Complete (Change Local Name)"
"76","22:28:38,582240","host","controller","HCI_CMD","245","Sent Write Extended Inquiry Response"
"77","22:28:38,584937","controller","host","HCI_EVT","7","Rcvd Command Complete (Write Extended Inquiry Response)"
"78","22:28:38,585130","host","controller","HCI_CMD","4","Sent LE Rand"
"79","22:28:38,586798","controller","host","HCI_EVT","15","Rcvd Command Complete (LE Rand)"
"80","22:28:38,587013","host","controller","HCI_CMD","5","Sent LE Set Address Resolution Enable"
"81","22:28:38,588757","controller","host","HCI_EVT","7","Rcvd Command Complete (LE Set Address Resolution Enable)"
"82","22:28:38,588974","host","controller","HCI_CMD","43","Sent LE Add Device to Resolving List"
"83","22:28:38,590312","controller","host","HCI_EVT","7","Rcvd Command Complete (LE Add Device to Resolving List)"
"84","22:28:38,590519","host","controller","HCI_CMD","12","Sent LE Set Privacy Mode"
"85","22:28:38,592014","controller","host","HCI_EVT","7","Rcvd Command Complete (LE Set Privacy Mode)"
"86","22:28:38,592234","host","controller","HCI_CMD","5","Sent LE Set Address Resolution Enable"
"87","22:28:38,593996","controller","host","HCI_EVT","7","Rcvd Command Complete (LE Set Address Resolution Enable)"
"88","22:28:38,594203","host","controller","HCI_CMD","5","Sent LE Set Address Resolution Enable"
"89","22:28:38,595543","controller","host","HCI_EVT","7","Rcvd Command Complete (LE Set Address Resolution Enable)"
"90","22:28:38,595723","host","controller","HCI_CMD","43","Sent LE Add Device to Resolving List"
"91","22:28:38,597218","controller","host","HCI_EVT","7","Rcvd Command Complete (LE Add Device to Resolving List)"
"92","22:28:38,597395","host","controller","HCI_CMD","12","Sent LE Set Privacy Mode"
"93","22:28:38,598861","controller","host","HCI_EVT","7","Rcvd Command Complete (LE Set Privacy Mode)"
"94","22:28:38,599012","host","controller","HCI_CMD","5","Sent LE Set Address Resolution Enable"
"95","22:28:38,600474","controller","host","HCI_EVT","7","Rcvd Command Complete (LE Set Address Resolution Enable)"
"96","22:28:38,600642","host","controller","HCI_CMD","10","Sent LE Set Random Address"
"97","22:28:38,602119","controller","host","HCI_EVT","7","Rcvd Command Complete (LE Set Random Address)"
"98","22:28:38,602280","host","controller","HCI_CMD","4","Sent LE Rand"
"99","22:28:38,603752","controller","host","HCI_EVT","15","Rcvd Command Complete (LE Rand)"
"100","22:28:38,604110","host","controller","HCI_CMD","4","Sent LE Rand"
"101","22:28:38,605593","controller","host","HCI_EVT","15","Rcvd Command Complete (LE Rand)"
"102","22:28:38,605782","host","controller","HCI_CMD","4","Sent LE Rand"
"103","22:28:38,607090","controller","host","HCI_EVT","15","Rcvd Command Complete (LE Rand)"
"104","22:28:38,607309","host","controller","HCI_CMD","4","Sent LE Rand"
"105","22:28:38,608665","controller","host","HCI_EVT","15","Rcvd Command Complete (LE Rand)"
"106","22:28:38,608839","host","controller","HCI_CMD","4","Sent LE Rand"
"107","22:28:38,610287","controller","host","HCI_EVT","15","Rcvd Command Complete (LE Rand)"
"108","22:28:38,610575","host","controller","HCI_CMD","4","Sent LE Rand"
"109","22:28:38,611618","controller","host","HCI_EVT","15","Rcvd Command Complete (LE Rand)"
"110","22:28:38,611931","host","controller","HCI_CMD","4","Sent LE Rand"
"111","22:28:38,613325","controller","host","HCI_EVT","15","Rcvd Command Complete (LE Rand)"
"112","22:28:38,613686","host","controller","HCI_CMD","4","Sent LE Rand"
"113","22:28:38,614837","controller","host","HCI_EVT","15","Rcvd Command Complete (LE Rand)"
"114","22:28:38,615174","host","controller","HCI_CMD","4","Sent LE Rand"
"115","22:28:38,616216","controller","host","HCI_EVT","15","Rcvd Command Complete (LE Rand)"
"116","22:28:38,616548","host","controller","HCI_CMD","4","Sent LE Rand"
"117","22:28:38,617510","controller","host","HCI_EVT","15","Rcvd Command Complete (LE Rand)"
"118","22:28:38,617728","host","controller","HCI_CMD","4","Sent LE Rand"
"119","22:28:38,618519","controller","host","HCI_EVT","15","Rcvd Command Complete (LE Rand)"
"120","22:28:38,618711","host","controller","HCI_CMD","4","Sent LE Rand"
"121","22:28:38,619500","controller","host","HCI_EVT","15","Rcvd Command Complete (LE Rand)"
"122","22:28:38,619683","host","controller","HCI_CMD","4","Sent LE Rand"
"123","22:28:38,620436","controller","host","HCI_EVT","15","Rcvd Command Complete (LE Rand)"
"124","22:28:38,620515","host","controller","HCI_CMD","4","Sent LE Rand"
"125","22:28:38,621363","controller","host","HCI_EVT","15","Rcvd Command Complete (LE Rand)"
"126","22:28:38,621450","host","controller","HCI_CMD","4","Sent LE Rand"
"127","22:28:38,622080","controller","host","HCI_EVT","15","Rcvd Command Complete (LE Rand)"
"128","22:28:38,622174","host","controller","HCI_CMD","12","Sent Vendor Command 0x0154 (opcode 0xFD54)"
"129","22:28:38,622730","controller","host","HCI_EVT","8","Rcvd Command Complete (Vendor Command 0x0154 [opcode 0xFD54])"
"130","22:28:38,622844","host","controller","HCI_CMD","5","Sent LE Set Address Resolution Enable"
"131","22:28:38,623410","controller","host","HCI_EVT","7","Rcvd Command Complete (LE Set Address Resolution Enable)"
"132","22:28:38,623532","host","controller","HCI_CMD","43","Sent LE Add Device to Resolving List"
"133","22:28:38,624264","controller","host","HCI_EVT","7","Rcvd Command Complete (LE Add Device to Resolving List)"
"134","22:28:38,624477","host","controller","HCI_CMD","5","Sent LE Set Address Resolution Enable"
"135","22:28:38,625079","controller","host","HCI_EVT","7","Rcvd Command Complete (LE Set Address Resolution Enable)"
"136","22:28:38,625216","host","controller","HCI_CMD","12","Sent Vendor Command 0x0154 (opcode 0xFD54)"
"137","22:28:38,625935","controller","host","HCI_EVT","8","Rcvd Command Complete (Vendor Command 0x0154 [opcode 0xFD54])"
"138","22:28:38,626051","host","controller","HCI_CMD","5","Sent LE Set Address Resolution Enable"
"139","22:28:38,626732","controller","host","HCI_EVT","7","Rcvd Command Complete (LE Set Address Resolution Enable)"
"140","22:28:38,626835","host","controller","HCI_CMD","43","Sent LE Add Device to Resolving List"
"141","22:28:38,627528","controller","host","HCI_EVT","7","Rcvd Command Complete (LE Add Device to Resolving List)"
"142","22:28:38,627646","host","controller","HCI_CMD","5","Sent LE Set Address Resolution Enable"
"143","22:28:38,628388","controller","host","HCI_EVT","7","Rcvd Command Complete (LE Set Address Resolution Enable)"
"144","22:28:38,628495","host","controller","HCI_CMD","12","Sent Vendor Command 0x0154 (opcode 0xFD54)"
"145","22:28:38,629160","controller","host","HCI_EVT","8","Rcvd Command Complete (Vendor Command 0x0154 [opcode 0xFD54])"
"146","22:28:38,629277","host","controller","HCI_CMD","5","Sent LE Set Address Resolution Enable"
"147","22:28:38,629976","controller","host","HCI_EVT","7","Rcvd Command Complete (LE Set Address Resolution Enable)"
"148","22:28:38,630095","host","controller","HCI_CMD","43","Sent LE Add Device to Resolving List"
"149","22:28:38,630798","controller","host","HCI_EVT","7","Rcvd Command Complete (LE Add Device to Resolving List)"
"150","22:28:38,630916","host","controller","HCI_CMD","5","Sent LE Set Address Resolution Enable"
"151","22:28:38,631585","controller","host","HCI_EVT","7","Rcvd Command Complete (LE Set Address Resolution Enable)"
"152","22:28:38,631720","host","controller","HCI_CMD","12","Sent Vendor Command 0x0154 (opcode 0xFD54)"
"153","22:28:38,632440","controller","host","HCI_EVT","8","Rcvd Command Complete (Vendor Command 0x0154 [opcode 0xFD54])"
"154","22:28:38,633120","host","controller","HCI_CMD","5","Sent LE Set Address Resolution Enable"
"155","22:28:38,633991","controller","host","HCI_EVT","7","Rcvd Command Complete (LE Set Address Resolution Enable)"
"156","22:28:38,634155","host","controller","HCI_CMD","43","Sent LE Add Device to Resolving List"
"157","22:28:38,635033","controller","host","HCI_EVT","7","Rcvd Command Complete (LE Add Device to Resolving List)"
"158","22:28:38,635185","host","controller","HCI_CMD","5","Sent LE Set Address Resolution Enable"
"159","22:28:38,635830","controller","host","HCI_EVT","7","Rcvd Command Complete (LE Set Address Resolution Enable)"
"160","22:28:38,636049","host","controller","HCI_CMD","12","Sent Vendor Command 0x0154 (opcode 0xFD54)"
"161","22:28:38,636826","controller","host","HCI_EVT","8","Rcvd Command Complete (Vendor Command 0x0154 [opcode 0xFD54])"
"162","22:28:38,636958","host","controller","HCI_CMD","5","Sent LE Set Address Resolution Enable"
"163","22:28:38,637654","controller","host","HCI_EVT","7","Rcvd Command Complete (LE Set Address Resolution Enable)"
"164","22:28:38,638418","host","controller","HCI_CMD","43","Sent LE Add Device to Resolving List"
"165","22:28:38,639560","controller","host","HCI_EVT","7","Rcvd Command Complete (LE Add Device to Resolving List)"
"166","22:28:38,640187","host","controller","HCI_CMD","5","Sent LE Set Address Resolution Enable"
"167","22:28:38,641410","controller","host","HCI_EVT","7","Rcvd Command Complete (LE Set Address Resolution Enable)"
"168","22:28:38,641530","host","controller","HCI_CMD","12","Sent Vendor Command 0x0154 (opcode 0xFD54)"
"169","22:28:38,642137","controller","host","HCI_EVT","8","Rcvd Command Complete (Vendor Command 0x0154 [opcode 0xFD54])"
"170","22:28:38,642340","host","controller","HCI_CMD","5","Sent LE Set Address Resolution Enable"
"171","22:28:38,643486","controller","host","HCI_EVT","7","Rcvd Command Complete (LE Set Address Resolution Enable)"
"172","22:28:38,644094","host","controller","HCI_CMD","43","Sent LE Add Device to Resolving List"
"173","22:28:38,644942","controller","host","HCI_EVT","7","Rcvd Command Complete (LE Add Device to Resolving List)"
"174","22:28:38,645054","host","controller","HCI_CMD","5","Sent LE Set Address Resolution Enable"
"175","22:28:38,645727","controller","host","HCI_EVT","7","Rcvd Command Complete (LE Set Address Resolution Enable)"
"176","22:28:38,645867","host","controller","HCI_CMD","12","Sent Vendor Command 0x0154 (opcode 0xFD54)"
"177","22:28:38,646532","controller","host","HCI_EVT","8","Rcvd Command Complete (Vendor Command 0x0154 [opcode 0xFD54])"
"178","22:28:38,646636","host","controller","HCI_CMD","5","Sent LE Set Address Resolution Enable"
"179","22:28:38,647285","controller","host","HCI_EVT","7","Rcvd Command Complete (LE Set Address Resolution Enable)"
"180","22:28:38,647408","host","controller","HCI_CMD","43","Sent LE Add Device to Resolving List"
"181","22:28:38,648099","controller","host","HCI_EVT","7","Rcvd Command Complete (LE Add Device to Resolving List)"
"182","22:28:38,648203","host","controller","HCI_CMD","5","Sent LE Set Address Resolution Enable"
"183","22:28:38,648955","controller","host","HCI_EVT","7","Rcvd Command Complete (LE Set Address Resolution Enable)"
"184","22:28:38,649055","host","controller","HCI_CMD","12","Sent Vendor Command 0x0154 (opcode 0xFD54)"
"185","22:28:38,649625","controller","host","HCI_EVT","8","Rcvd Command Complete (Vendor Command 0x0154 [opcode 0xFD54])"
"186","22:28:38,649698","host","controller","HCI_CMD","5","Sent LE Set Address Resolution Enable"
"187","22:28:38,650158","controller","host","HCI_EVT","7","Rcvd Command Complete (LE Set Address Resolution Enable)"
"188","22:28:38,650227","host","controller","HCI_CMD","43","Sent LE Add Device to Resolving List"
"189","22:28:38,650692","controller","host","HCI_EVT","7","Rcvd Command Complete (LE Add Device to Resolving List)"
"190","22:28:38,650754","host","controller","HCI_CMD","5","Sent LE Set Address Resolution Enable"
"191","22:28:38,651174","controller","host","HCI_EVT","7","Rcvd Command Complete (LE Set Address Resolution Enable)"
"192","22:28:38,651237","host","controller","HCI_CMD","12","Sent Vendor Command 0x0154 (opcode 0xFD54)"
"193","22:28:38,651689","controller","host","HCI_EVT","8","Rcvd Command Complete (Vendor Command 0x0154 [opcode 0xFD54])"
"194","22:28:38,651747","host","controller","HCI_CMD","5","Sent LE Set Address Resolution Enable"
"195","22:28:38,652179","controller","host","HCI_EVT","7","Rcvd Command Complete (LE Set Address Resolution Enable)"
"196","22:28:38,652245","host","controller","HCI_CMD","43","Sent LE Add Device to Resolving List"
"197","22:28:38,652931","controller","host","HCI_EVT","7","Rcvd Command Complete (LE Add Device to Resolving List)"
"198","22:28:38,653019","host","controller","HCI_CMD","5","Sent LE Set Address Resolution Enable"
"199","22:28:38,653560","controller","host","HCI_EVT","7","Rcvd Command Complete (LE Set Address Resolution Enable)"
"200","22:28:38,653642","host","controller","HCI_CMD","12","Sent Vendor Command 0x0154 (opcode 0xFD54)"
"201","22:28:38,654175","controller","host","HCI_EVT","8","Rcvd Command Complete (Vendor Command 0x0154 [opcode 0xFD54])"
"202","22:28:38,654331","host","controller","HCI_CMD","5","Sent LE Set Address Resolution Enable"
"203","22:28:38,654762","controller","host","HCI_EVT","7","Rcvd Command Complete (LE Set Address Resolution Enable)"
"204","22:28:38,654815","host","controller","HCI_CMD","43","Sent LE Add Device to Resolving List"
"205","22:28:38,655297","controller","host","HCI_EVT","7","Rcvd Command Complete (LE Add Device to Resolving List)"
"206","22:28:38,655426","host","controller","HCI_CMD","5","Sent LE Set Address Resolution Enable"
"207","22:28:38,655880","controller","host","HCI_EVT","7","Rcvd Command Complete (LE Set Address Resolution Enable)"
"208","22:28:38,655935","host","controller","HCI_CMD","12","Sent Vendor Command 0x0154 (opcode 0xFD54)"
"209","22:28:38,656604","controller","host","HCI_EVT","8","Rcvd Command Complete (Vendor Command 0x0154 [opcode 0xFD54])"
"210","22:28:38,656672","host","controller","HCI_CMD","5","Sent LE Set Address Resolution Enable"
"211","22:28:38,657169","controller","host","HCI_EVT","7","Rcvd Command Complete (LE Set Address Resolution Enable)"
"212","22:28:38,657215","host","controller","HCI_CMD","43","Sent LE Add Device to Resolving List"
"213","22:28:38,657685","controller","host","HCI_EVT","7","Rcvd Command Complete (LE Add Device to Resolving List)"
"214","22:28:38,657738","host","controller","HCI_CMD","5","Sent LE Set Address Resolution Enable"
"215","22:28:38,658172","controller","host","HCI_EVT","7","Rcvd Command Complete (LE Set Address Resolution Enable)"
"216","22:28:38,658204","host","controller","HCI_CMD","12","Sent Vendor Command 0x0154 (opcode 0xFD54)"
"217","22:28:38,658646","controller","host","HCI_EVT","8","Rcvd Command Complete (Vendor Command 0x0154 [opcode 0xFD54])"
"218","22:28:38,658679","host","controller","HCI_CMD","5","Sent LE Set Address Resolution Enable"
"219","22:28:38,659096","controller","host","HCI_EVT","7","Rcvd Command Complete (LE Set Address Resolution Enable)"
"220","22:28:38,659128","host","controller","HCI_CMD","43","Sent LE Add Device to Resolving List"
"221","22:28:38,659603","controller","host","HCI_EVT","7","Rcvd Command Complete (LE Add Device to Resolving List)"
"222","22:28:38,659636","host","controller","HCI_CMD","5","Sent LE Set Address Resolution Enable"
"223","22:28:38,660107","controller","host","HCI_EVT","7","Rcvd Command Complete (LE Set Address Resolution Enable)"
"224","22:28:38,660142","host","controller","HCI_CMD","12","Sent Vendor Command 0x0154 (opcode 0xFD54)"
"225","22:28:38,660746","controller","host","HCI_EVT","8","Rcvd Command Complete (Vendor Command 0x0154 [opcode 0xFD54])"
"226","22:28:38,660795","host","controller","HCI_CMD","5","Sent LE Set Address Resolution Enable"
"227","22:28:38,661354","controller","host","HCI_EVT","7","Rcvd Command Complete (LE Set Address Resolution Enable)"
"228","22:28:38,661398","host","controller","HCI_CMD","43","Sent LE Add Device to Resolving List"
"229","22:28:38,661890","controller","host","HCI_EVT","7","Rcvd Command Complete (LE Add Device to Resolving List)"
"230","22:28:38,661937","host","controller","HCI_CMD","5","Sent LE Set Address Resolution Enable"
"231","22:28:38,662450","controller","host","HCI_EVT","7","Rcvd Command Complete (LE Set Address Resolution Enable)"
"232","22:28:38,662496","host","controller","HCI_CMD","12","Sent Vendor Command 0x0154 (opcode 0xFD54)"
"233","22:28:38,663032","controller","host","HCI_EVT","8","Rcvd Command Complete (Vendor Command 0x0154 [opcode 0xFD54])"
"234","22:28:38,663068","host","controller","HCI_CMD","5","Sent LE Set Address Resolution Enable"
"235","22:28:38,663721","controller","host","HCI_EVT","7","Rcvd Command Complete (LE Set Address Resolution Enable)"
"236","22:28:38,663762","host","controller","HCI_CMD","43","Sent LE Add Device to Resolving List"
"237","22:28:38,664262","controller","host","HCI_EVT","7","Rcvd Command Complete (LE Add Device to Resolving List)"
"238","22:28:38,664297","host","controller","HCI_CMD","5","Sent LE Set Address Resolution Enable"
"239","22:28:38,664858","controller","host","HCI_EVT","7","Rcvd Command Complete (LE Set Address Resolution Enable)"
"240","22:28:38,664925","host","controller","HCI_CMD","12","Sent Vendor Command 0x0154 (opcode 0xFD54)"
"241","22:28:38,665416","controller","host","HCI_EVT","8","Rcvd Command Complete (Vendor Command 0x0154 [opcode 0xFD54])"
"242","22:28:38,665480","host","controller","HCI_CMD","5","Sent LE Set Address Resolution Enable"
"243","22:28:38,665916","controller","host","HCI_EVT","7","Rcvd Command Complete (LE Set Address Resolution Enable)"
"244","22:28:38,665970","host","controller","HCI_CMD","43","Sent LE Add Device to Resolving List"
"245","22:28:38,666416","controller","host","HCI_EVT","7","Rcvd Command Complete (LE Add Device to Resolving List)"
"246","22:28:38,666468","host","controller","HCI_CMD","5","Sent LE Set Address Resolution Enable"
"247","22:28:38,666918","controller","host","HCI_EVT","7","Rcvd Command Complete (LE Set Address Resolution Enable)"
"248","22:28:38,666987","host","controller","HCI_CMD","245","Sent Write Extended Inquiry Response"
"249","22:28:38,667675","controller","host","HCI_EVT","7","Rcvd Command Complete (Write Extended Inquiry Response)"
"250","22:28:38,741489","host","controller","HCI_CMD","6","Sent Vendor Command 0x0157 (opcode 0xFD57)"
"251","22:28:38,742292","controller","host","HCI_EVT","9","Rcvd Command Complete (Vendor Command 0x0157 [opcode 0xFD57])"
"252","22:28:38,743424","host","controller","HCI_CMD","19","Sent Vendor Command 0x0157 (opcode 0xFD57)"
"253","22:28:38,744240","controller","host","HCI_EVT","10","Rcvd Command Complete (Vendor Command 0x0157 [opcode 0xFD57])"
"254","22:28:38,744360","host","controller","HCI_CMD","22","Sent Vendor Command 0x0157 (opcode 0xFD57)"
"255","22:28:38,744921","controller","host","HCI_EVT","10","Rcvd Command Complete (Vendor Command 0x0157 [opcode 0xFD57])"
"256","22:28:38,745545","host","controller","HCI_CMD","19","Sent Vendor Command 0x0157 (opcode 0xFD57)"
"257","22:28:38,746240","controller","host","HCI_EVT","10","Rcvd Command Complete (Vendor Command 0x0157 [opcode 0xFD57])"
"258","22:28:38,746297","host","controller","HCI_CMD","22","Sent Vendor Command 0x0157 (opcode 0xFD57)"
"259","22:28:38,746834","controller","host","HCI_EVT","10","Rcvd Command Complete (Vendor Command 0x0157 [opcode 0xFD57])"
"260","22:28:38,747468","host","controller","HCI_CMD","19","Sent Vendor Command 0x0157 (opcode 0xFD57)"
"261","22:28:38,748187","controller","host","HCI_EVT","10","Rcvd Command Complete (Vendor Command 0x0157 [opcode 0xFD57])"
"262","22:28:38,748414","host","controller","HCI_CMD","22","Sent Vendor Command 0x0157 (opcode 0xFD57)"
"263","22:28:38,749057","controller","host","HCI_EVT","10","Rcvd Command Complete (Vendor Command 0x0157 [opcode 0xFD57])"
"264","22:28:38,749664","host","controller","HCI_CMD","15","Sent Vendor Command 0x0157 (opcode 0xFD57)"
"265","22:28:38,750303","controller","host","HCI_EVT","10","Rcvd Command Complete (Vendor Command 0x0157 [opcode 0xFD57])"
"266","22:28:38,750616","host","controller","HCI_CMD","22","Sent Vendor Command 0x0157 (opcode 0xFD57)"
"267","22:28:38,751237","controller","host","HCI_EVT","10","Rcvd Command Complete (Vendor Command 0x0157 [opcode 0xFD57])"
"268","22:28:38,752844","host","controller","HCI_CMD","43","Sent Vendor Command 0x0157 (opcode 0xFD57)"
"269","22:28:38,753600","controller","host","HCI_EVT","10","Rcvd Command Complete (Vendor Command 0x0157 [opcode 0xFD57])"
"270","22:28:38,753721","host","controller","HCI_CMD","22","Sent Vendor Command 0x0157 (opcode 0xFD57)"
"271","22:28:38,754362","controller","host","HCI_EVT","10","Rcvd Command Complete (Vendor Command 0x0157 [opcode 0xFD57])"
"272","22:28:38,755143","host","controller","HCI_CMD","13","Sent Vendor Command 0x0157 (opcode 0xFD57)"
"273","22:28:38,755898","controller","host","HCI_EVT","10","Rcvd Command Complete (Vendor Command 0x0157 [opcode 0xFD57])"
"274","22:28:38,756001","host","controller","HCI_CMD","22","Sent Vendor Command 0x0157 (opcode 0xFD57)"
"275","22:28:38,756711","controller","host","HCI_EVT","10","Rcvd Command Complete (Vendor Command 0x0157 [opcode 0xFD57])"
"276","22:28:38,757337","host","controller","HCI_CMD","23","Sent Vendor Command 0x0157 (opcode 0xFD57)"
"277","22:28:38,758154","controller","host","HCI_EVT","10","Rcvd Command Complete (Vendor Command 0x0157 [opcode 0xFD57])"
"278","22:28:38,758235","host","controller","HCI_CMD","22","Sent Vendor Command 0x0157 (opcode 0xFD57)"
"279","22:28:38,758854","controller","host","HCI_EVT","10","Rcvd Command Complete (Vendor Command 0x0157 [opcode 0xFD57])"
"280","22:28:38,759462","host","controller","HCI_CMD","23","Sent Vendor Command 0x0157 (opcode 0xFD57)"
"281","22:28:38,760205","controller","host","HCI_EVT","10","Rcvd Command Complete (Vendor Command 0x0157 [opcode 0xFD57])"
"282","22:28:38,760257","host","controller","HCI_CMD","22","Sent Vendor Command 0x0157 (opcode 0xFD57)"
"283","22:28:38,760923","controller","host","HCI_EVT","10","Rcvd Command Complete (Vendor Command 0x0157 [opcode 0xFD57])"
"284","22:28:38,761465","host","controller","HCI_CMD","31","Sent Vendor Command 0x0157 (opcode 0xFD57)"
"285","22:28:38,762138","controller","host","HCI_EVT","10","Rcvd Command Complete (Vendor Command 0x0157 [opcode 0xFD57])"
"286","22:28:38,762292","host","controller","HCI_CMD","22","Sent Vendor Command 0x0157 (opcode 0xFD57)"
"287","22:28:38,762798","controller","host","HCI_EVT","10","Rcvd Command Complete (Vendor Command 0x0157 [opcode 0xFD57])"
"288","22:28:38,763295","host","controller","HCI_CMD","31","Sent Vendor Command 0x0157 (opcode 0xFD57)"
"289","22:28:38,763897","controller","host","HCI_EVT","10","Rcvd Command Complete (Vendor Command 0x0157 [opcode 0xFD57])"
"290","22:28:38,764085","host","controller","HCI_CMD","22","Sent Vendor Command 0x0157 (opcode 0xFD57)"
"291","22:28:38,764665","controller","host","HCI_EVT","10","Rcvd Command Complete (Vendor Command 0x0157 [opcode 0xFD57])"
"292","22:28:38,765181","host","controller","HCI_CMD","21","Sent Vendor Command 0x0157 (opcode 0xFD57)"
"293","22:28:38,765782","controller","host","HCI_EVT","10","Rcvd Command Complete (Vendor Command 0x0157 [opcode 0xFD57])"
"294","22:28:38,765881","host","controller","HCI_CMD","22","Sent Vendor Command 0x0157 (opcode 0xFD57)"
"295","22:28:38,766352","controller","host","HCI_EVT","10","Rcvd Command Complete (Vendor Command 0x0157 [opcode 0xFD57])"
"296","22:28:38,766855","host","controller","HCI_CMD","11","Sent LE Set Scan Parameters"
"297","22:28:38,767390","controller","host","HCI_EVT","7","Rcvd Command Complete (LE Set Scan Parameters)"
"298","22:28:38,767433","host","controller","HCI_CMD","6","Sent LE Set Scan Enable"
"299","22:28:38,768763","controller","host","HCI_EVT","7","Rcvd Command Complete (LE Set Scan Enable)"
"300","22:28:38,768868","host","controller","HCI_CMD","6","Sent LE Set Scan Enable"
"301","22:28:38,781111","controller","host","HCI_EVT","7","Rcvd Command Complete (LE Set Scan Enable)"
"302","22:28:38,781222","host","controller","HCI_CMD","11","Sent LE Set Scan Parameters"
"303","22:28:38,782723","controller","host","HCI_EVT","7","Rcvd Command Complete (LE Set Scan Parameters)"
"304","22:28:38,782791","host","controller","HCI_CMD","11","Sent LE Set Scan Parameters"
"305","22:28:38,783246","controller","host","HCI_EVT","7","Rcvd Command Complete (LE Set Scan Parameters)"
"306","22:28:38,783302","host","controller","HCI_CMD","6","Sent LE Set Scan Enable"
"307","22:28:38,784216","controller","host","HCI_EVT","7","Rcvd Command Complete (LE Set Scan Enable)"
"308","22:28:38,815045","host","controller","HCI_CMD","6","Sent Write Voice Setting"
"309","22:28:38,815932","controller","host","HCI_EVT","7","Rcvd Command Complete (Write Voice Setting)"
"310","22:28:38,816022","host","controller","HCI_CMD","245","Sent Write Extended Inquiry Response"
"311","22:28:38,816832","controller","host","HCI_EVT","7","Rcvd Command Complete (Write Extended Inquiry Response)"
"312","22:28:38,816998","host","controller","HCI_CMD","245","Sent Write Extended Inquiry Response"
"313","22:28:38,817835","controller","host","HCI_EVT","7","Rcvd Command Complete (Write Extended Inquiry Response)"
"314","22:28:38,860258","host","controller","HCI_CMD","245","Sent Write Extended Inquiry Response"
"315","22:28:38,861296","controller","host","HCI_EVT","7","Rcvd Command Complete (Write Extended Inquiry Response)"
"316","22:28:38,861482","host","controller","HCI_CMD","245","Sent Write Extended Inquiry Response"
"317","22:28:38,862198","controller","host","HCI_EVT","7","Rcvd Command Complete (Write Extended Inquiry Response)"
"318","22:28:38,862296","host","controller","HCI_CMD","245","Sent Write Extended Inquiry Response"
"319","22:28:38,863056","controller","host","HCI_EVT","7","Rcvd Command Complete (Write Extended Inquiry Response)"
"320","22:28:38,884108","host","controller","HCI_CMD","5","Sent Write Scan Enable"
"321","22:28:38,885074","controller","host","HCI_EVT","7","Rcvd Command Complete (Write Scan Enable)"
"322","22:28:38,885184","host","controller","HCI_CMD","5","Sent Write Scan Enable"
"323","22:28:38,886791","controller","host","HCI_EVT","7","Rcvd Command Complete (Write Scan Enable)"
"324","22:28:38,886927","host","controller","HCI_CMD","245","Sent Write Extended Inquiry Response"
"325","22:28:38,890824","controller","host","HCI_EVT","7","Rcvd Command Complete (Write Extended Inquiry Response)"
"326","22:28:38,890931","host","controller","HCI_CMD","245","Sent Write Extended Inquiry Response"
"327","22:28:38,892104","controller","host","HCI_EVT","7","Rcvd Command Complete (Write Extended Inquiry Response)"
"328","22:28:38,892226","host","controller","HCI_CMD","245","Sent Write Extended Inquiry Response"
"329","22:28:38,893202","controller","host","HCI_EVT","7","Rcvd Command Complete (Write Extended Inquiry Response)"
"330","22:28:38,893293","host","controller","HCI_CMD","245","Sent Write Extended Inquiry Response"
"331","22:28:38,894402","controller","host","HCI_EVT","7","Rcvd Command Complete (Write Extended Inquiry Response)"
"332","22:28:38,894501","host","controller","HCI_CMD","245","Sent Write Extended Inquiry Response"
"333","22:28:38,895420","controller","host","HCI_EVT","7","Rcvd Command Complete (Write Extended Inquiry Response)"
"334","22:28:39,007419","host","controller","HCI_CMD","8","Sent Write Inquiry Scan Activity"
"335","22:28:39,008241","controller","host","HCI_EVT","7","Rcvd Command Complete (Write Inquiry Scan Activity)"
"336","22:28:39,008489","host","controller","HCI_CMD","5","Sent Write Scan Enable"
"337","22:28:39,009134","controller","host","HCI_EVT","7","Rcvd Command Complete (Write Scan Enable)"
"338","22:28:39,009264","host","controller","HCI_CMD","5","Sent Write Scan Enable"
"339","22:28:39,010544","controller","host","HCI_EVT","7","Rcvd Command Complete (Write Scan Enable)"
"340","22:28:39,014709","host","controller","HCI_CMD","4","Sent Vendor Command 0x017D (opcode 0xFD7D)"
"341","22:28:39,015718","controller","host","HCI_EVT","18","Rcvd Command Complete (Vendor Command 0x017D [opcode 0xFD7D])"
"342","22:28:39,016107","host","controller","HCI_CMD","7","Sent Vendor Command 0x01F1 (opcode 0xFDF1)"
"343","22:28:39,016899","controller","host","HCI_EVT","7","Rcvd Command Complete (Vendor Command 0x01F1 [opcode 0xFDF1])"
"344","22:28:39,016989","host","controller","HCI_CMD","7","Sent Vendor Command 0x01F1 (opcode 0xFDF1)"
"345","22:28:39,017481","controller","host","HCI_EVT","7","Rcvd Command Complete (Vendor Command 0x01F1 [opcode 0xFDF1])"
"346","22:28:39,017545","host","controller","HCI_CMD","6","Sent Vendor Command 0x01F1 (opcode 0xFDF1)"
"347","22:28:39,017991","controller","host","HCI_EVT","7","Rcvd Command Complete (Vendor Command 0x01F1 [opcode 0xFDF1])"
"348","22:28:39,018043","host","controller","HCI_CMD","6","Sent Vendor Command 0x01F1 (opcode 0xFDF1)"
"349","22:28:39,018431","controller","host","HCI_EVT","7","Rcvd Command Complete (Vendor Command 0x01F1 [opcode 0xFDF1])"
"350","22:28:39,020717","host","controller","HCI_CMD","245","Sent Write Extended Inquiry Response"
"351","22:28:39,021821","controller","host","HCI_EVT","7","Rcvd Command Complete (Write Extended Inquiry Response)"
"352","22:28:39,065582","host","controller","HCI_CMD","245","Sent Write Extended Inquiry Response"
"353","22:28:39,066582","controller","host","HCI_EVT","7","Rcvd Command Complete (Write Extended Inquiry Response)"
"354","22:28:39,327549","host","controller","HCI_CMD","245","Sent Write Extended Inquiry Response"
"355","22:28:39,328533","controller","host","HCI_EVT","7","Rcvd Command Complete (Write Extended Inquiry Response)"
"356","22:28:39,335759","host","controller","HCI_CMD","245","Sent Write Extended Inquiry Response"
"357","22:28:39,336637","controller","host","HCI_EVT","7","Rcvd Command Complete (Write Extended Inquiry Response)"
"358","22:28:39,404007","host","controller","HCI_CMD","7","Sent Vendor Command 0x0157 (opcode 0xFD57)"
"359","22:28:39,404697","controller","host","HCI_EVT","10","Rcvd Command Complete (Vendor Command 0x0157 [opcode 0xFD57])"
"360","22:28:39,404805","host","controller","HCI_CMD","22","Sent Vendor Command 0x0157 (opcode 0xFD57)"
"361","22:28:39,405387","controller","host","HCI_EVT","10","Rcvd Command Complete (Vendor Command 0x0157 [opcode 0xFD57])"
"362","22:28:39,405485","host","controller","HCI_CMD","6","Sent LE Set Scan Enable"
"363","22:28:39,406392","controller","host","HCI_EVT","7","Rcvd Command Complete (LE Set Scan Enable)"
"364","22:28:39,406497","host","controller","HCI_CMD","11","Sent LE Set Scan Parameters"
"365","22:28:39,407039","controller","host","HCI_EVT","7","Rcvd Command Complete (LE Set Scan Parameters)"
"366","22:28:39,407140","host","controller","HCI_CMD","6","Sent LE Set Scan Enable"
"367","22:28:39,408175","controller","host","HCI_EVT","7","Rcvd Command Complete (LE Set Scan Enable)"
"368","22:28:39,408288","host","controller","HCI_CMD","6","Sent Set Event Filter"
"369","22:28:39,409059","controller","host","HCI_EVT","7","Rcvd Command Complete (Set Event Filter)"
"370","22:28:39,409584","host","controller","HCI_CMD","9","Sent Inquiry"
"371","22:28:39,410481","controller","host","HCI_EVT","7","Rcvd Command Status (Inquiry)"
"372","22:28:39,448508","host","controller","HCI_CMD","245","Sent Write Extended Inquiry Response"
"373","22:28:39,449501","controller","host","HCI_EVT","7","Rcvd Command Complete (Write Extended Inquiry Response)"
"374","22:28:39,452071","host","controller","HCI_CMD","8","Sent Write Current IAC LAP"
"375","22:28:39,452710","controller","host","HCI_EVT","7","Rcvd Command Complete (Write Current IAC LAP)"
"376","22:28:39,452782","host","controller","HCI_CMD","5","Sent Write Scan Enable"
"377","22:28:39,453621","controller","host","HCI_EVT","7","Rcvd Command Complete (Write Scan Enable)"
"378","22:28:39,453743","host","controller","HCI_CMD","5","Sent Write Scan Enable"
"379","22:28:39,454407","controller","host","HCI_EVT","7","Rcvd Command Complete (Write Scan Enable)"
"380","22:28:39,633114","host","controller","HCI_CMD","6","Sent Vendor Command 0x0157 (opcode 0xFD57)"
"381","22:28:39,633841","controller","host","HCI_EVT","9","Rcvd Command Complete (Vendor Command 0x0157 [opcode 0xFD57])"
"382","22:28:39,634531","host","controller","HCI_CMD","11","Sent Vendor Command 0x0157 (opcode 0xFD57)"
"383","22:28:39,635209","controller","host","HCI_EVT","10","Rcvd Command Complete (Vendor Command 0x0157 [opcode 0xFD57])"
"384","22:28:39,635657","host","controller","HCI_CMD","22","Sent Vendor Command 0x0157 (opcode 0xFD57)"
"385","22:28:39,636174","controller","host","HCI_EVT","10","Rcvd Command Complete (Vendor Command 0x0157 [opcode 0xFD57])"
"386","22:28:39,663298","host","controller","HCI_CMD","6","Sent Vendor Command 0x0157 (opcode 0xFD57)"
"387","22:28:39,663998","controller","host","HCI_EVT","9","Rcvd Command Complete (Vendor Command 0x0157 [opcode 0xFD57])"
"388","22:28:39,664781","host","controller","HCI_CMD","11","Sent Vendor Command 0x0157 (opcode 0xFD57)"
"389","22:28:39,665588","controller","host","HCI_EVT","10","Rcvd Command Complete (Vendor Command 0x0157 [opcode 0xFD57])"
"390","22:28:39,665667","host","controller","HCI_CMD","22","Sent Vendor Command 0x0157 (opcode 0xFD57)"
"391","22:28:39,666141","controller","host","HCI_EVT","10","Rcvd Command Complete (Vendor Command 0x0157 [opcode 0xFD57])"
"392","22:28:39,666772","host","controller","HCI_CMD","11","Sent Vendor Command 0x0157 (opcode 0xFD57)"
"393","22:28:39,667424","controller","host","HCI_EVT","10","Rcvd Command Complete (Vendor Command 0x0157 [opcode 0xFD57])"
"394","22:28:39,667559","host","controller","HCI_CMD","22","Sent Vendor Command 0x0157 (opcode 0xFD57)"
"395","22:28:39,668023","controller","host","HCI_EVT","10","Rcvd Command Complete (Vendor Command 0x0157 [opcode 0xFD57])"
"396","22:28:39,668561","host","controller","HCI_CMD","15","Sent Vendor Command 0x0157 (opcode 0xFD57)"
"397","22:28:39,669181","controller","host","HCI_EVT","10","Rcvd Command Complete (Vendor Command 0x0157 [opcode 0xFD57])"
"398","22:28:39,669240","host","controller","HCI_CMD","22","Sent Vendor Command 0x0157 (opcode 0xFD57)"
"399","22:28:39,669666","controller","host","HCI_EVT","10","Rcvd Command Complete (Vendor Command 0x0157 [opcode 0xFD57])"
"400","22:28:39,670090","host","controller","HCI_CMD","17","Sent Vendor Command 0x0157 (opcode 0xFD57)"
"401","22:28:39,670601","controller","host","HCI_EVT","10","Rcvd Command Complete (Vendor Command 0x0157 [opcode 0xFD57])"
"402","22:28:39,670687","host","controller","HCI_CMD","22","Sent Vendor Command 0x0157 (opcode 0xFD57)"
"403","22:28:39,671134","controller","host","HCI_EVT","10","Rcvd Command Complete (Vendor Command 0x0157 [opcode 0xFD57])"
"404","22:28:39,671477","host","controller","HCI_CMD","11","Sent Vendor Command 0x0157 (opcode 0xFD57)"
"405","22:28:39,672187","controller","host","HCI_EVT","10","Rcvd Command Complete (Vendor Command 0x0157 [opcode 0xFD57])"
"406","22:28:39,672284","host","controller","HCI_CMD","22","Sent Vendor Command 0x0157 (opcode 0xFD57)"
"407","22:28:39,672921","controller","host","HCI_EVT","10","Rcvd Command Complete (Vendor Command 0x0157 [opcode 0xFD57])"
"408","22:28:39,840702","host","controller","HCI_CMD","4","Sent Vendor Command 0x0159 (opcode 0xFD59)"
"409","22:28:39,841351","controller","host","HCI_EVT","23","Rcvd Command Complete (Vendor Command 0x0159 [opcode 0xFD59])"
"410","22:28:39,909319","controller","host","HCI_EVT","46","Rcvd LE Meta (LE Advertising Report)"
"411","22:28:40,210059","controller","host","HCI_EVT","31","Rcvd LE Meta (LE Advertising Report)"
"412","22:28:40,210717","controller","host","HCI_EVT","28","Rcvd LE Meta (LE Advertising Report)"
"413","22:28:40,857286","controller","host","HCI_EVT","31","Rcvd LE Meta (LE Advertising Report)"
"414","22:28:41,842840","host","controller","HCI_CMD","4","Sent Inquiry Cancel"
"415","22:28:41,848696","controller","host","HCI_EVT","7","Rcvd Command Complete (Inquiry Cancel)"
"416","22:28:41,848783","host","controller","HCI_CMD","6","Sent LE Set Scan Enable"
"417","22:28:41,850047","controller","host","HCI_EVT","7","Rcvd Command Complete (LE Set Scan Enable)"
"418","22:28:41,850441","host","controller","HCI_CMD","11","Sent LE Set Scan Parameters"
"419","22:28:41,851630","controller","host","HCI_EVT","7","Rcvd Command Complete (LE Set Scan Parameters)"
"420","22:28:41,851769","host","controller","HCI_CMD","6","Sent LE Set Scan Enable"
"421","22:28:41,857663","controller","host","HCI_EVT","7","Rcvd Command Complete (LE Set Scan Enable)"
"422","22:28:41,857755","host","controller","HCI_CMD","7","Sent Vendor Command 0x0157 (opcode 0xFD57)"
"423","22:28:41,858308","controller","host","HCI_EVT","10","Rcvd Command Complete (Vendor Command 0x0157 [opcode 0xFD57])"
"424","22:28:41,866609","host","controller","HCI_CMD","5","Sent Write Scan Enable"
"425","22:28:41,867624","controller","host","HCI_EVT","7","Rcvd Command Complete (Write Scan Enable)"
"426","22:28:41,867731","host","controller","HCI_CMD","5","Sent Write Scan Enable"
"427","22:28:41,868433","controller","host","HCI_EVT","7","Rcvd Command Complete (Write Scan Enable)"
"428","22:28:45,463720","host","controller","HCI_CMD","7","Sent Vendor Command 0x0157 (opcode 0xFD57)"
"429","22:28:45,464343","controller","host","HCI_EVT","10","Rcvd Command Complete (Vendor Command 0x0157 [opcode 0xFD57])"
"430","22:28:45,464663","host","controller","HCI_CMD","7","Sent Vendor Command 0x0157 (opcode 0xFD57)"
"431","22:28:45,465136","controller","host","HCI_EVT","10","Rcvd Command Complete (Vendor Command 0x0157 [opcode 0xFD57])"
"432","22:28:45,465391","host","controller","HCI_CMD","7","Sent Vendor Command 0x0157 (opcode 0xFD57)"
"433","22:28:45,465804","controller","host","HCI_EVT","10","Rcvd Command Complete (Vendor Command 0x0157 [opcode 0xFD57])"
"434","22:28:45,466088","host","controller","HCI_CMD","7","Sent Vendor Command 0x0157 (opcode 0xFD57)"
"435","22:28:45,466498","controller","host","HCI_EVT","10","Rcvd Command Complete (Vendor Command 0x0157 [opcode 0xFD57])"
"436","22:28:45,466763","host","controller","HCI_CMD","7","Sent Vendor Command 0x0157 (opcode 0xFD57)"
"437","22:28:45,467166","controller","host","HCI_EVT","10","Rcvd Command Complete (Vendor Command 0x0157 [opcode 0xFD57])"
"438","22:28:45,468445","host","controller","HCI_CMD","6","Sent LE Set Scan Enable"
"439","22:28:45,489525","controller","host","HCI_EVT","7","Rcvd Command Complete (LE Set Scan Enable)"
"440","22:28:45,489612","host","controller","HCI_CMD","11","Sent LE Set Scan Parameters"
"441","22:28:45,494662","controller","host","HCI_EVT","7","Rcvd Command Complete (LE Set Scan Parameters)"
"442","22:28:45,494736","host","controller","HCI_CMD","11","Sent LE Set Scan Parameters"
"443","22:28:45,499614","controller","host","HCI_EVT","7","Rcvd Command Complete (LE Set Scan Parameters)"
"444","22:28:45,499679","host","controller","HCI_CMD","6","Sent LE Set Scan Enable"
"445","22:28:45,505414","controller","host","HCI_EVT","7","Rcvd Command Complete (LE Set Scan Enable)"
"446","22:30:18,188251","host","controller","HCI_CMD","7","Sent Vendor Command 0x0157 (opcode 0xFD57)"
"447","22:30:18,192631","controller","host","HCI_EVT","10","Rcvd Command Complete (Vendor Command 0x0157 [opcode 0xFD57])"
"448","22:30:18,193045","host","controller","HCI_CMD","7","Sent Vendor Command 0x0157 (opcode 0xFD57)"
"449","22:30:18,197523","controller","host","HCI_EVT","10","Rcvd Command Complete (Vendor Command 0x0157 [opcode 0xFD57])"
"450","22:30:18,197958","host","controller","HCI_CMD","7","Sent Vendor Command 0x0157 (opcode 0xFD57)"
"451","22:30:18,202611","controller","host","HCI_EVT","10","Rcvd Command Complete (Vendor Command 0x0157 [opcode 0xFD57])"
"452","22:30:18,204289","host","controller","HCI_CMD","7","Sent Vendor Command 0x0157 (opcode 0xFD57)"
"453","22:30:18,205410","controller","host","HCI_EVT","10","Rcvd Command Complete (Vendor Command 0x0157 [opcode 0xFD57])"
"454","22:30:18,206241","host","controller","HCI_CMD","7","Sent Vendor Command 0x0157 (opcode 0xFD57)"
"455","22:30:18,207508","controller","host","HCI_EVT","10","Rcvd Command Complete (Vendor Command 0x0157 [opcode 0xFD57])"
"456","22:30:18,208877","host","controller","HCI_CMD","7","Sent Vendor Command 0x0157 (opcode 0xFD57)"
"457","22:30:18,211023","controller","host","HCI_EVT","10","Rcvd Command Complete (Vendor Command 0x0157 [opcode 0xFD57])"
"458","22:30:18,213363","host","controller","HCI_CMD","7","Sent Vendor Command 0x0157 (opcode 0xFD57)"
"459","22:30:18,214500","controller","host","HCI_EVT","10","Rcvd Command Complete (Vendor Command 0x0157 [opcode 0xFD57])"
"460","22:30:18,215116","host","controller","HCI_CMD","7","Sent Vendor Command 0x0157 (opcode 0xFD57)"
"461","22:30:18,219810","controller","host","HCI_EVT","10","Rcvd Command Complete (Vendor Command 0x0157 [opcode 0xFD57])"
"462","22:30:18,220967","host","controller","HCI_CMD","7","Sent Vendor Command 0x0157 (opcode 0xFD57)"
"463","22:30:18,224814","controller","host","HCI_EVT","10","Rcvd Command Complete (Vendor Command 0x0157 [opcode 0xFD57])"
"464","22:30:18,226456","host","controller","HCI_CMD","7","Sent Vendor Command 0x0157 (opcode 0xFD57)"
"465","22:30:18,229862","controller","host","HCI_EVT","10","Rcvd Command Complete (Vendor Command 0x0157 [opcode 0xFD57])"
"466","22:30:18,231466","host","controller","HCI_CMD","7","Sent Vendor Command 0x0157 (opcode 0xFD57)"
"467","22:30:18,234874","controller","host","HCI_EVT","10","Rcvd Command Complete (Vendor Command 0x0157 [opcode 0xFD57])"
"468","22:30:18,287372","host","controller","HCI_CMD","6","Sent Vendor Command 0x0157 (opcode 0xFD57)"
"469","22:30:18,292424","controller","host","HCI_EVT","9","Rcvd Command Complete (Vendor Command 0x0157 [opcode 0xFD57])"
"470","22:30:18,294092","host","controller","HCI_CMD","11","Sent Vendor Command 0x0157 (opcode 0xFD57)"
"471","22:30:18,297705","controller","host","HCI_EVT","10","Rcvd Command Complete (Vendor Command 0x0157 [opcode 0xFD57])"
"472","22:30:18,297868","host","controller","HCI_CMD","22","Sent Vendor Command 0x0157 (opcode 0xFD57)"
"473","22:30:18,303013","controller","host","HCI_EVT","10","Rcvd Command Complete (Vendor Command 0x0157 [opcode 0xFD57])"
"474","22:30:18,305179","host","controller","HCI_CMD","11","Sent Vendor Command 0x0157 (opcode 0xFD57)"
"475","22:30:18,305994","controller","host","HCI_EVT","10","Rcvd Command Complete (Vendor Command 0x0157 [opcode 0xFD57])"
"476","22:30:18,306118","host","controller","HCI_CMD","22","Sent Vendor Command 0x0157 (opcode 0xFD57)"
"477","22:30:18,306889","controller","host","HCI_EVT","10","Rcvd Command Complete (Vendor Command 0x0157 [opcode 0xFD57])"
"478","22:30:18,307763","host","controller","HCI_CMD","15","Sent Vendor Command 0x0157 (opcode 0xFD57)"
"479","22:30:18,308635","controller","host","HCI_EVT","10","Rcvd Command Complete (Vendor Command 0x0157 [opcode 0xFD57])"
"480","22:30:18,309295","host","controller","HCI_CMD","22","Sent Vendor Command 0x0157 (opcode 0xFD57)"
"481","22:30:18,310060","controller","host","HCI_EVT","10","Rcvd Command Complete (Vendor Command 0x0157 [opcode 0xFD57])"
"482","22:30:18,311003","host","controller","HCI_CMD","17","Sent Vendor Command 0x0157 (opcode 0xFD57)"
"483","22:30:18,313275","controller","host","HCI_EVT","10","Rcvd Command Complete (Vendor Command 0x0157 [opcode 0xFD57])"
"484","22:30:18,313392","host","controller","HCI_CMD","22","Sent Vendor Command 0x0157 (opcode 0xFD57)"
"485","22:30:18,314486","controller","host","HCI_EVT","10","Rcvd Command Complete (Vendor Command 0x0157 [opcode 0xFD57])"
"486","22:30:18,315292","host","controller","HCI_CMD","11","Sent Vendor Command 0x0157 (opcode 0xFD57)"
"487","22:30:18,316881","controller","host","HCI_EVT","10","Rcvd Command Complete (Vendor Command 0x0157 [opcode 0xFD57])"
"488","22:30:18,317022","host","controller","HCI_CMD","22","Sent Vendor Command 0x0157 (opcode 0xFD57)"
"489","22:30:18,321656","controller","host","HCI_EVT","10","Rcvd Command Complete (Vendor Command 0x0157 [opcode 0xFD57])"
"490","22:30:18,322984","host","controller","HCI_CMD","6","Sent LE Set Scan Enable"
"491","22:30:18,326933","controller","host","HCI_EVT","7","Rcvd Command Complete (LE Set Scan Enable)"
"492","22:30:18,327086","host","controller","HCI_CMD","11","Sent LE Set Scan Parameters"
"493","22:30:18,331937","controller","host","HCI_EVT","7","Rcvd Command Complete (LE Set Scan Parameters)"
"494","22:30:18,332056","host","controller","HCI_CMD","11","Sent LE Set Scan Parameters"
"495","22:30:18,336843","controller","host","HCI_EVT","7","Rcvd Command Complete (LE Set Scan Parameters)"
"496","22:30:18,336969","host","controller","HCI_CMD","6","Sent LE Set Scan Enable"
"497","22:30:18,342666","controller","host","HCI_EVT","7","Rcvd Command Complete (LE Set Scan Enable)"
"498","22:30:18,342770","host","controller","HCI_CMD","6","Sent Vendor Command 0x0157 (opcode 0xFD57)"
"499","22:30:18,343527","controller","host","HCI_EVT","9","Rcvd Command Complete (Vendor Command 0x0157 [opcode 0xFD57])"
"500","22:30:18,344389","host","controller","HCI_CMD","19","Sent Vendor Command 0x0157 (opcode 0xFD57)"
"501","22:30:18,345776","controller","host","HCI_EVT","10","Rcvd Command Complete (Vendor Command 0x0157 [opcode 0xFD57])"
"502","22:30:18,345875","host","controller","HCI_CMD","22","Sent Vendor Command 0x0157 (opcode 0xFD57)"
"503","22:30:18,347044","controller","host","HCI_EVT","10","Rcvd Command Complete (Vendor Command 0x0157 [opcode 0xFD57])"
"504","22:30:18,348782","host","controller","HCI_CMD","19","Sent Vendor Command 0x0157 (opcode 0xFD57)"
"505","22:30:18,350003","controller","host","HCI_EVT","10","Rcvd Command Complete (Vendor Command 0x0157 [opcode 0xFD57])"
"506","22:30:18,350090","host","controller","HCI_CMD","22","Sent Vendor Command 0x0157 (opcode 0xFD57)"
"507","22:30:18,350652","controller","host","HCI_EVT","10","Rcvd Command Complete (Vendor Command 0x0157 [opcode 0xFD57])"
"508","22:30:18,351296","host","controller","HCI_CMD","19","Sent Vendor Command 0x0157 (opcode 0xFD57)"
"509","22:30:18,351994","controller","host","HCI_EVT","10","Rcvd Command Complete (Vendor Command 0x0157 [opcode 0xFD57])"
"510","22:30:18,352077","host","controller","HCI_CMD","22","Sent Vendor Command 0x0157 (opcode 0xFD57)"
"511","22:30:18,352704","controller","host","HCI_EVT","10","Rcvd Command Complete (Vendor Command 0x0157 [opcode 0xFD57])"
"512","22:30:18,353761","host","controller","HCI_CMD","15","Sent Vendor Command 0x0157 (opcode 0xFD57)"
"513","22:30:18,354477","controller","host","HCI_EVT","10","Rcvd Command Complete (Vendor Command 0x0157 [opcode 0xFD57])"
"514","22:30:18,354694","host","controller","HCI_CMD","22","Sent Vendor Command 0x0157 (opcode 0xFD57)"
"515","22:30:18,355319","controller","host","HCI_EVT","10","Rcvd Command Complete (Vendor Command 0x0157 [opcode 0xFD57])"
"516","22:30:18,356009","host","controller","HCI_CMD","43","Sent Vendor Command 0x0157 (opcode 0xFD57)"
"517","22:30:18,356734","controller","host","HCI_EVT","10","Rcvd Command Complete (Vendor Command 0x0157 [opcode 0xFD57])"
"518","22:30:18,357812","host","controller","HCI_CMD","22","Sent Vendor Command 0x0157 (opcode 0xFD57)"
"519","22:30:18,358632","controller","host","HCI_EVT","10","Rcvd Command Complete (Vendor Command 0x0157 [opcode 0xFD57])"
"520","22:30:18,359769","host","controller","HCI_CMD","13","Sent Vendor Command 0x0157 (opcode 0xFD57)"
"521","22:30:18,360721","controller","host","HCI_EVT","10","Rcvd Command Complete (Vendor Command 0x0157 [opcode 0xFD57])"
"522","22:30:18,361498","host","controller","HCI_CMD","22","Sent Vendor Command 0x0157 (opcode 0xFD57)"
"523","22:30:18,362256","controller","host","HCI_EVT","10","Rcvd Command Complete (Vendor Command 0x0157 [opcode 0xFD57])"
"524","22:30:18,363167","host","controller","HCI_CMD","23","Sent Vendor Command 0x0157 (opcode 0xFD57)"
"525","22:30:18,364032","controller","host","HCI_EVT","10","Rcvd Command Complete (Vendor Command 0x0157 [opcode 0xFD57])"
"526","22:30:18,364139","host","controller","HCI_CMD","22","Sent Vendor Command 0x0157 (opcode 0xFD57)"
"527","22:30:18,364804","controller","host","HCI_EVT","10","Rcvd Command Complete (Vendor Command 0x0157 [opcode 0xFD57])"
"528","22:30:18,365521","host","controller","HCI_CMD","23","Sent Vendor Command 0x0157 (opcode 0xFD57)"
"529","22:30:18,366242","controller","host","HCI_EVT","10","Rcvd Command Complete (Vendor Command 0x0157 [opcode 0xFD57])"
"530","22:30:18,366334","host","controller","HCI_CMD","22","Sent Vendor Command 0x0157 (opcode 0xFD57)"
"531","22:30:18,366960","controller","host","HCI_EVT","10","Rcvd Command Complete (Vendor Command 0x0157 [opcode 0xFD57])"
"532","22:30:18,367661","host","controller","HCI_CMD","31","Sent Vendor Command 0x0157 (opcode 0xFD57)"
"533","22:30:18,368603","controller","host","HCI_EVT","10","Rcvd Command Complete (Vendor Command 0x0157 [opcode 0xFD57])"
"534","22:30:18,368739","host","controller","HCI_CMD","22","Sent Vendor Command 0x0157 (opcode 0xFD57)"
"535","22:30:18,369738","controller","host","HCI_EVT","10","Rcvd Command Complete (Vendor Command 0x0157 [opcode 0xFD57])"
"536","22:30:18,370716","host","controller","HCI_CMD","31","Sent Vendor Command 0x0157 (opcode 0xFD57)"
"537","22:30:18,371493","controller","host","HCI_EVT","10","Rcvd Command Complete (Vendor Command 0x0157 [opcode 0xFD57])"
"538","22:30:18,371766","host","controller","HCI_CMD","22","Sent Vendor Command 0x0157 (opcode 0xFD57)"
"539","22:30:18,372447","controller","host","HCI_EVT","10","Rcvd Command Complete (Vendor Command 0x0157 [opcode 0xFD57])"
"540","22:30:18,373570","host","controller","HCI_CMD","21","Sent Vendor Command 0x0157 (opcode 0xFD57)"
"541","22:30:18,374327","controller","host","HCI_EVT","10","Rcvd Command Complete (Vendor Command 0x0157 [opcode 0xFD57])"
"542","22:30:18,374651","host","controller","HCI_CMD","22","Sent Vendor Command 0x0157 (opcode 0xFD57)"
"543","22:30:18,375226","controller","host","HCI_EVT","10","Rcvd Command Complete (Vendor Command 0x0157 [opcode 0xFD57])"
"544","22:30:18,625782","host","controller","HCI_CMD","7","Sent Vendor Command 0x0157 (opcode 0xFD57)"
"545","22:30:18,626541","controller","host","HCI_EVT","10","Rcvd Command Complete (Vendor Command 0x0157 [opcode 0xFD57])"
"546","22:30:18,627274","host","controller","HCI_CMD","7","Sent Vendor Command 0x0157 (opcode 0xFD57)"
"547","22:30:18,627956","controller","host","HCI_EVT","10","Rcvd Command Complete (Vendor Command 0x0157 [opcode 0xFD57])"
"548","22:30:18,629389","host","controller","HCI_CMD","7","Sent Vendor Command 0x0157 (opcode 0xFD57)"
"549","22:30:18,630578","controller","host","HCI_EVT","10","Rcvd Command Complete (Vendor Command 0x0157 [opcode 0xFD57])"
"550","22:30:18,632845","host","controller","HCI_CMD","7","Sent Vendor Command 0x0157 (opcode 0xFD57)"
"551","22:30:18,634048","controller","host","HCI_EVT","10","Rcvd Command Complete (Vendor Command 0x0157 [opcode 0xFD57])"
"552","22:30:18,635416","host","controller","HCI_CMD","7","Sent Vendor Command 0x0157 (opcode 0xFD57)"
"553","22:30:18,636723","controller","host","HCI_EVT","10","Rcvd Command Complete (Vendor Command 0x0157 [opcode 0xFD57])"
"554","22:30:18,637994","host","controller","HCI_CMD","7","Sent Vendor Command 0x0157 (opcode 0xFD57)"
"555","22:30:18,638675","controller","host","HCI_EVT","10","Rcvd Command Complete (Vendor Command 0x0157 [opcode 0xFD57])"
"556","22:30:18,639415","host","controller","HCI_CMD","7","Sent Vendor Command 0x0157 (opcode 0xFD57)"
"557","22:30:18,640053","controller","host","HCI_EVT","10","Rcvd Command Complete (Vendor Command 0x0157 [opcode 0xFD57])"
"558","22:30:18,641418","host","controller","HCI_CMD","7","Sent Vendor Command 0x0157 (opcode 0xFD57)"
"559","22:30:18,642577","controller","host","HCI_EVT","10","Rcvd Command Complete (Vendor Command 0x0157 [opcode 0xFD57])"
"560","22:30:18,643378","host","controller","HCI_CMD","7","Sent Vendor Command 0x0157 (opcode 0xFD57)"
"561","22:30:18,644156","controller","host","HCI_EVT","10","Rcvd Command Complete (Vendor Command 0x0157 [opcode 0xFD57])"
"562","22:30:18,644677","host","controller","HCI_CMD","7","Sent Vendor Command 0x0157 (opcode 0xFD57)"
"563","22:30:18,645495","controller","host","HCI_EVT","10","Rcvd Command Complete (Vendor Command 0x0157 [opcode 0xFD57])"
"564","22:30:18,646028","host","controller","HCI_CMD","7","Sent Vendor Command 0x0157 (opcode 0xFD57)"
"565","22:30:18,646846","controller","host","HCI_EVT","10","Rcvd Command Complete (Vendor Command 0x0157 [opcode 0xFD57])"
"566","22:30:18,683953","host","controller","HCI_CMD","7","Sent Vendor Command 0x0157 (opcode 0xFD57)"
"567","22:30:18,685251","controller","host","HCI_EVT","10","Rcvd Command Complete (Vendor Command 0x0157 [opcode 0xFD57])"
"568","22:30:18,708640","host","controller","HCI_CMD","7","Sent Vendor Command 0x0157 (opcode 0xFD57)"
"569","22:30:18,709491","controller","host","HCI_EVT","10","Rcvd Command Complete (Vendor Command 0x0157 [opcode 0xFD57])"
"570","22:30:18,709581","host","controller","HCI_CMD","6","Sent LE Set Scan Enable"
"571","22:30:18,716470","controller","host","HCI_EVT","7","Rcvd Command Complete (LE Set Scan Enable)"
"572","22:30:18,716575","host","controller","HCI_CMD","11","Sent LE Set Scan Parameters"
"573","22:30:18,717200","controller","host","HCI_EVT","7","Rcvd Command Complete (LE Set Scan Parameters)"
"574","22:30:18,717291","host","controller","HCI_CMD","7","Sent Vendor Command 0x0157 (opcode 0xFD57)"
"575","22:30:18,717856","controller","host","HCI_EVT","10","Rcvd Command Complete (Vendor Command 0x0157 [opcode 0xFD57])"
"576","22:30:18,718252","host","controller","HCI_CMD","7","Sent Vendor Command 0x0157 (opcode 0xFD57)"
"577","22:30:18,719006","controller","host","HCI_EVT","10","Rcvd Command Complete (Vendor Command 0x0157 [opcode 0xFD57])"
"578","22:30:18,719398","host","controller","HCI_CMD","7","Sent Vendor Command 0x0157 (opcode 0xFD57)"
"579","22:30:18,720125","controller","host","HCI_EVT","10","Rcvd Command Complete (Vendor Command 0x0157 [opcode 0xFD57])"
"580","22:30:18,721023","host","controller","HCI_CMD","7","Sent Vendor Command 0x0157 (opcode 0xFD57)"
"581","22:30:18,721756","controller","host","HCI_EVT","10","Rcvd Command Complete (Vendor Command 0x0157 [opcode 0xFD57])"
"582","22:30:18,754554","host","controller","HCI_CMD","6","Sent Vendor Command 0x0157 (opcode 0xFD57)"
"583","22:30:18,759266","controller","host","HCI_EVT","9","Rcvd Command Complete (Vendor Command 0x0157 [opcode 0xFD57])"
"584","22:30:18,761398","host","controller","HCI_CMD","31","Sent Vendor Command 0x0157 (opcode 0xFD57)"
"585","22:30:18,764274","controller","host","HCI_EVT","10","Rcvd Command Complete (Vendor Command 0x0157 [opcode 0xFD57])"
"586","22:30:18,764525","host","controller","HCI_CMD","22","Sent Vendor Command 0x0157 (opcode 0xFD57)"
"587","22:30:18,769343","controller","host","HCI_EVT","10","Rcvd Command Complete (Vendor Command 0x0157 [opcode 0xFD57])"
"588","22:30:18,770946","host","controller","HCI_CMD","31","Sent Vendor Command 0x0157 (opcode 0xFD57)"
"589","22:30:18,774445","controller","host","HCI_EVT","10","Rcvd Command Complete (Vendor Command 0x0157 [opcode 0xFD57])"
"590","22:30:18,774610","host","controller","HCI_CMD","22","Sent Vendor Command 0x0157 (opcode 0xFD57)"
"591","22:30:18,779624","controller","host","HCI_EVT","10","Rcvd Command Complete (Vendor Command 0x0157 [opcode 0xFD57])"
"592","22:30:18,781990","host","controller","HCI_CMD","21","Sent Vendor Command 0x0157 (opcode 0xFD57)"
"593","22:30:18,785075","controller","host","HCI_EVT","10","Rcvd Command Complete (Vendor Command 0x0157 [opcode 0xFD57])"
"594","22:30:18,785241","host","controller","HCI_CMD","22","Sent Vendor Command 0x0157 (opcode 0xFD57)"
"595","22:30:18,790343","controller","host","HCI_EVT","10","Rcvd Command Complete (Vendor Command 0x0157 [opcode 0xFD57])"
"596","22:30:18,792780","host","controller","HCI_CMD","11","Sent LE Set Scan Parameters"
"597","22:30:18,794734","controller","host","HCI_EVT","7","Rcvd Command Complete (LE Set Scan Parameters)"
"598","22:30:18,794890","host","controller","HCI_CMD","6","Sent LE Set Scan Enable"
"599","22:30:18,801282","controller","host","HCI_EVT","7","Rcvd Command Complete (LE Set Scan Enable)"
"600","22:30:18,801456","host","controller","HCI_CMD","6","Sent LE Set Scan Enable"
"601","22:30:18,827400","controller","host","HCI_EVT","7","Rcvd Command Complete (LE Set Scan Enable)"
"602","22:30:18,827576","host","controller","HCI_CMD","11","Sent LE Set Scan Parameters"
"603","22:30:18,829260","controller","host","HCI_EVT","7","Rcvd Command Complete (LE Set Scan Parameters)"
"604","22:30:18,829418","host","controller","HCI_CMD","11","Sent LE Set Scan Parameters"
"605","22:30:18,830991","controller","host","HCI_EVT","7","Rcvd Command Complete (LE Set Scan Parameters)"
"606","22:30:18,831146","host","controller","HCI_CMD","6","Sent LE Set Scan Enable"
"607","22:30:18,833555","controller","host","HCI_EVT","7","Rcvd Command Complete (LE Set Scan Enable)"
"608","22:32:56,864248","host","controller","HCI_CMD","4","Sent Vendor Command 0x0159 (opcode 0xFD59)"
"609","22:32:56,866927","controller","host","HCI_EVT","23","Rcvd Command Complete (Vendor Command 0x0159 [opcode 0xFD59])"
"610","22:32:57,105459","host","controller","HCI_CMD","4","Sent Vendor Command 0x0159 (opcode 0xFD59)"
"611","22:32:57,108075","controller","host","HCI_EVT","23","Rcvd Command Complete (Vendor Command 0x0159 [opcode 0xFD59])"
"612","22:33:00,785825","host","controller","HCI_CMD","7","Sent Vendor Command 0x0157 (opcode 0xFD57)"
"613","22:33:00,786752","controller","host","HCI_EVT","10","Rcvd Command Complete (Vendor Command 0x0157 [opcode 0xFD57])"
"614","22:33:00,786839","host","controller","HCI_CMD","6","Sent LE Set Scan Enable"
"615","22:33:00,787994","controller","host","HCI_EVT","7","Rcvd Command Complete (LE Set Scan Enable)"
"616","22:33:00,788091","host","controller","HCI_CMD","11","Sent LE Set Scan Parameters"
"617","22:33:00,788614","controller","host","HCI_EVT","7","Rcvd Command Complete (LE Set Scan Parameters)"
"618","22:33:00,788720","host","controller","HCI_CMD","7","Sent Vendor Command 0x0157 (opcode 0xFD57)"
"619","22:33:00,789334","controller","host","HCI_EVT","10","Rcvd Command Complete (Vendor Command 0x0157 [opcode 0xFD57])"
"620","22:33:00,789833","host","controller","HCI_CMD","7","Sent Vendor Command 0x0157 (opcode 0xFD57)"
"621","22:33:00,790534","controller","host","HCI_EVT","10","Rcvd Command Complete (Vendor Command 0x0157 [opcode 0xFD57])"
"622","22:33:00,847526","host","controller","HCI_CMD","6","Sent Vendor Command 0x0157 (opcode 0xFD57)"
"623","22:33:00,848230","controller","host","HCI_EVT","9","Rcvd Command Complete (Vendor Command 0x0157 [opcode 0xFD57])"
"624","22:33:00,849004","host","controller","HCI_CMD","11","Sent Vendor Command 0x0157 (opcode 0xFD57)"
"625","22:33:00,849709","controller","host","HCI_EVT","10","Rcvd Command Complete (Vendor Command 0x0157 [opcode 0xFD57])"
"626","22:33:00,850309","host","controller","HCI_CMD","22","Sent Vendor Command 0x0157 (opcode 0xFD57)"
"627","22:33:00,850896","controller","host","HCI_EVT","10","Rcvd Command Complete (Vendor Command 0x0157 [opcode 0xFD57])"
"628","22:33:00,851786","host","controller","HCI_CMD","11","Sent LE Set Scan Parameters"
"629","22:33:00,852405","controller","host","HCI_EVT","7","Rcvd Command Complete (LE Set Scan Parameters)"
"630","22:33:00,852490","host","controller","HCI_CMD","6","Sent LE Set Scan Enable"
"631","22:33:00,853785","controller","host","HCI_EVT","7","Rcvd Command Complete (LE Set Scan Enable)"
"632","22:33:00,855451","host","controller","HCI_CMD","6","Sent LE Set Scan Enable"
"633","22:33:00,878694","controller","host","HCI_EVT","7","Rcvd Command Complete (LE Set Scan Enable)"
"634","22:33:00,878803","host","controller","HCI_CMD","11","Sent LE Set Scan Parameters"
"635","22:33:00,883649","controller","host","HCI_EVT","7","Rcvd Command Complete (LE Set Scan Parameters)"
"636","22:33:00,883753","host","controller","HCI_CMD","11","Sent LE Set Scan Parameters"
"637","22:33:00,888659","controller","host","HCI_EVT","7","Rcvd Command Complete (LE Set Scan Parameters)"
"638","22:33:00,888759","host","controller","HCI_CMD","6","Sent LE Set Scan Enable"
"639","22:33:00,890235","controller","host","HCI_EVT","7","Rcvd Command Complete (LE Set Scan Enable)"
"640","22:33:00,890340","host","controller","HCI_CMD","6","Sent Vendor Command 0x0157 (opcode 0xFD57)"
"641","22:33:00,890894","controller","host","HCI_EVT","9","Rcvd Command Complete (Vendor Command 0x0157 [opcode 0xFD57])"
"642","22:33:00,891605","host","controller","HCI_CMD","11","Sent Vendor Command 0x0157 (opcode 0xFD57)"
"643","22:33:00,892242","controller","host","HCI_EVT","10","Rcvd Command Complete (Vendor Command 0x0157 [opcode 0xFD57])"
"644","22:33:00,892315","host","controller","HCI_CMD","22","Sent Vendor Command 0x0157 (opcode 0xFD57)"
"645","22:33:00,892804","controller","host","HCI_EVT","10","Rcvd Command Complete (Vendor Command 0x0157 [opcode 0xFD57])"
"646","22:33:00,909727","host","controller","HCI_CMD","6","Sent Vendor Command 0x0157 (opcode 0xFD57)"
"647","22:33:00,910407","controller","host","HCI_EVT","9","Rcvd Command Complete (Vendor Command 0x0157 [opcode 0xFD57])"
"648","22:33:00,911071","host","controller","HCI_CMD","19","Sent Vendor Command 0x0157 (opcode 0xFD57)"
"649","22:33:00,911789","controller","host","HCI_EVT","10","Rcvd Command Complete (Vendor Command 0x0157 [opcode 0xFD57])"
"650","22:33:00,913006","host","controller","HCI_CMD","22","Sent Vendor Command 0x0157 (opcode 0xFD57)"
"651","22:33:00,913677","controller","host","HCI_EVT","10","Rcvd Command Complete (Vendor Command 0x0157 [opcode 0xFD57])"
"652","22:33:00,915467","host","controller","HCI_CMD","19","Sent Vendor Command 0x0157 (opcode 0xFD57)"
"653","22:33:00,916165","controller","host","HCI_EVT","10","Rcvd Command Complete (Vendor Command 0x0157 [opcode 0xFD57])"
"654","22:33:00,917254","host","controller","HCI_CMD","22","Sent Vendor Command 0x0157 (opcode 0xFD57)"
"655","22:33:00,917955","controller","host","HCI_EVT","10","Rcvd Command Complete (Vendor Command 0x0157 [opcode 0xFD57])"
"656","22:33:00,918646","host","controller","HCI_CMD","19","Sent Vendor Command 0x0157 (opcode 0xFD57)"
"657","22:33:00,919253","controller","host","HCI_EVT","10","Rcvd Command Complete (Vendor Command 0x0157 [opcode 0xFD57])"
"658","22:33:00,919344","host","controller","HCI_CMD","22","Sent Vendor Command 0x0157 (opcode 0xFD57)"
"659","22:33:00,919844","controller","host","HCI_EVT","10","Rcvd Command Complete (Vendor Command 0x0157 [opcode 0xFD57])"
"660","22:33:00,920370","host","controller","HCI_CMD","15","Sent Vendor Command 0x0157 (opcode 0xFD57)"
"661","22:33:00,920925","controller","host","HCI_EVT","10","Rcvd Command Complete (Vendor Command 0x0157 [opcode 0xFD57])"
"662","22:33:00,921007","host","controller","HCI_CMD","22","Sent Vendor Command 0x0157 (opcode 0xFD57)"
"663","22:33:00,921440","controller","host","HCI_EVT","10","Rcvd Command Complete (Vendor Command 0x0157 [opcode 0xFD57])"
"664","22:33:00,921880","host","controller","HCI_CMD","43","Sent Vendor Command 0x0157 (opcode 0xFD57)"
"665","22:33:00,922534","controller","host","HCI_EVT","10","Rcvd Command Complete (Vendor Command 0x0157 [opcode 0xFD57])"
"666","22:33:00,922636","host","controller","HCI_CMD","22","Sent Vendor Command 0x0157 (opcode 0xFD57)"
"667","22:33:00,923056","controller","host","HCI_EVT","10","Rcvd Command Complete (Vendor Command 0x0157 [opcode 0xFD57])"
"668","22:33:00,923463","host","controller","HCI_CMD","13","Sent Vendor Command 0x0157 (opcode 0xFD57)"
"669","22:33:00,924027","controller","host","HCI_EVT","10","Rcvd Command Complete (Vendor Command 0x0157 [opcode 0xFD57])"
"670","22:33:00,924098","host","controller","HCI_CMD","22","Sent Vendor Command 0x0157 (opcode 0xFD57)"
"671","22:33:00,924549","controller","host","HCI_EVT","10","Rcvd Command Complete (Vendor Command 0x0157 [opcode 0xFD57])"
"672","22:33:00,925072","host","controller","HCI_CMD","23","Sent Vendor Command 0x0157 (opcode 0xFD57)"
"673","22:33:00,925623","controller","host","HCI_EVT","10","Rcvd Command Complete (Vendor Command 0x0157 [opcode 0xFD57])"
"674","22:33:00,925700","host","controller","HCI_CMD","22","Sent Vendor Command 0x0157 (opcode 0xFD57)"
"675","22:33:00,926240","controller","host","HCI_EVT","10","Rcvd Command Complete (Vendor Command 0x0157 [opcode 0xFD57])"
"676","22:33:00,926646","host","controller","HCI_CMD","23","Sent Vendor Command 0x0157 (opcode 0xFD57)"
"677","22:33:00,927143","controller","host","HCI_EVT","10","Rcvd Command Complete (Vendor Command 0x0157 [opcode 0xFD57])"
"678","22:33:00,927211","host","controller","HCI_CMD","22","Sent Vendor Command 0x0157 (opcode 0xFD57)"
"679","22:33:00,927771","controller","host","HCI_EVT","10","Rcvd Command Complete (Vendor Command 0x0157 [opcode 0xFD57])"
"680","22:33:00,928585","host","controller","HCI_CMD","31","Sent Vendor Command 0x0157 (opcode 0xFD57)"
"681","22:33:00,929178","controller","host","HCI_EVT","10","Rcvd Command Complete (Vendor Command 0x0157 [opcode 0xFD57])"
"682","22:33:00,929262","host","controller","HCI_CMD","22","Sent Vendor Command 0x0157 (opcode 0xFD57)"
"683","22:33:00,929716","controller","host","HCI_EVT","10","Rcvd Command Complete (Vendor Command 0x0157 [opcode 0xFD57])"
"684","22:33:00,930386","host","controller","HCI_CMD","31","Sent Vendor Command 0x0157 (opcode 0xFD57)"
"685","22:33:00,930997","controller","host","HCI_EVT","10","Rcvd Command Complete (Vendor Command 0x0157 [opcode 0xFD57])"
"686","22:33:00,931090","host","controller","HCI_CMD","22","Sent Vendor Command 0x0157 (opcode 0xFD57)"
"687","22:33:00,931580","controller","host","HCI_EVT","10","Rcvd Command Complete (Vendor Command 0x0157 [opcode 0xFD57])"
"688","22:33:00,932177","host","controller","HCI_CMD","21","Sent Vendor Command 0x0157 (opcode 0xFD57)"
"689","22:33:00,932785","controller","host","HCI_EVT","10","Rcvd Command Complete (Vendor Command 0x0157 [opcode 0xFD57])"
"690","22:33:00,932882","host","controller","HCI_CMD","22","Sent Vendor Command 0x0157 (opcode 0xFD57)"
"691","22:33:00,933383","controller","host","HCI_EVT","10","Rcvd Command Complete (Vendor Command 0x0157 [opcode 0xFD57])"
"692","22:33:00,934568","host","controller","HCI_CMD","6","Sent LE Set Scan Enable"
"693","22:33:00,941760","controller","host","HCI_EVT","7","Rcvd Command Complete (LE Set Scan Enable)"
"694","22:33:00,941843","host","controller","HCI_CMD","11","Sent LE Set Scan Parameters"
"695","22:33:00,942370","controller","host","HCI_EVT","7","Rcvd Command Complete (LE Set Scan Parameters)"
"696","22:33:00,942445","host","controller","HCI_CMD","11","Sent LE Set Scan Parameters"
"697","22:33:00,942870","controller","host","HCI_EVT","7","Rcvd Command Complete (LE Set Scan Parameters)"
"698","22:33:00,942944","host","controller","HCI_CMD","6","Sent LE Set Scan Enable"
"699","22:33:00,943902","controller","host","HCI_EVT","7","Rcvd Command Complete (LE Set Scan Enable)"
"700","22:33:00,944037","host","controller","HCI_CMD","6","Sent Vendor Command 0x0157 (opcode 0xFD57)"
"701","22:33:00,944647","controller","host","HCI_EVT","9","Rcvd Command Complete (Vendor Command 0x0157 [opcode 0xFD57])"
"702","22:33:00,946081","host","controller","HCI_CMD","11","Sent Vendor Command 0x0157 (opcode 0xFD57)"
"703","22:33:00,946711","controller","host","HCI_EVT","10","Rcvd Command Complete (Vendor Command 0x0157 [opcode 0xFD57])"
"704","22:33:00,946777","host","controller","HCI_CMD","22","Sent Vendor Command 0x0157 (opcode 0xFD57)"
"705","22:33:00,947196","controller","host","HCI_EVT","10","Rcvd Command Complete (Vendor Command 0x0157 [opcode 0xFD57])"
"706","22:33:00,947615","host","controller","HCI_CMD","11","Sent Vendor Command 0x0157 (opcode 0xFD57)"
"707","22:33:00,948176","controller","host","HCI_EVT","10","Rcvd Command Complete (Vendor Command 0x0157 [opcode 0xFD57])"
"708","22:33:00,948274","host","controller","HCI_CMD","22","Sent Vendor Command 0x0157 (opcode 0xFD57)"
"709","22:33:00,948775","controller","host","HCI_EVT","10","Rcvd Command Complete (Vendor Command 0x0157 [opcode 0xFD57])"
"710","22:33:00,949404","host","controller","HCI_CMD","15","Sent Vendor Command 0x0157 (opcode 0xFD57)"
"711","22:33:00,950051","controller","host","HCI_EVT","10","Rcvd Command Complete (Vendor Command 0x0157 [opcode 0xFD57])"
"712","22:33:00,950142","host","controller","HCI_CMD","22","Sent Vendor Command 0x0157 (opcode 0xFD57)"
"713","22:33:00,950627","controller","host","HCI_EVT","10","Rcvd Command Complete (Vendor Command 0x0157 [opcode 0xFD57])"
"714","22:33:00,951275","host","controller","HCI_CMD","17","Sent Vendor Command 0x0157 (opcode 0xFD57)"
"715","22:33:00,951856","controller","host","HCI_EVT","10","Rcvd Command Complete (Vendor Command 0x0157 [opcode 0xFD57])"
"716","22:33:00,951939","host","controller","HCI_CMD","22","Sent Vendor Command 0x0157 (opcode 0xFD57)"
"717","22:33:00,952419","controller","host","HCI_EVT","10","Rcvd Command Complete (Vendor Command 0x0157 [opcode 0xFD57])"
"718","22:33:00,953038","host","controller","HCI_CMD","11","Sent Vendor Command 0x0157 (opcode 0xFD57)"
"719","22:33:00,953645","controller","host","HCI_EVT","10","Rcvd Command Complete (Vendor Command 0x0157 [opcode 0xFD57])"
"720","22:33:00,953740","host","controller","HCI_CMD","22","Sent Vendor Command 0x0157 (opcode 0xFD57)"
"721","22:33:00,954297","controller","host","HCI_EVT","10","Rcvd Command Complete (Vendor Command 0x0157 [opcode 0xFD57])"
"722","22:33:00,956098","host","controller","HCI_CMD","6","Sent LE Set Scan Enable"
"723","22:33:00,970054","controller","host","HCI_EVT","7","Rcvd Command Complete (LE Set Scan Enable)"
"724","22:33:00,970174","host","controller","HCI_CMD","11","Sent LE Set Scan Parameters"
"725","22:33:00,970897","controller","host","HCI_EVT","7","Rcvd Command Complete (LE Set Scan Parameters)"
"726","22:33:00,971068","host","controller","HCI_CMD","11","Sent LE Set Scan Parameters"
"727","22:33:00,971673","controller","host","HCI_EVT","7","Rcvd Command Complete (LE Set Scan Parameters)"
"728","22:33:00,971764","host","controller","HCI_CMD","6","Sent LE Set Scan Enable"
"729","22:33:00,972676","controller","host","HCI_EVT","7","Rcvd Command Complete (LE Set Scan Enable)"
"730","22:33:02,365299","host","controller","HCI_CMD","7","Sent Vendor Command 0x0157 (opcode 0xFD57)"
"731","22:33:02,366111","controller","host","HCI_EVT","10","Rcvd Command Complete (Vendor Command 0x0157 [opcode 0xFD57])"
"732","22:33:02,367796","host","controller","HCI_CMD","6","Sent LE Set Scan Enable"
"733","22:33:02,389395","controller","host","HCI_EVT","7","Rcvd Command Complete (LE Set Scan Enable)"
"734","22:33:02,389488","host","controller","HCI_CMD","11","Sent LE Set Scan Parameters"
"735","22:33:02,390545","controller","host","HCI_EVT","7","Rcvd Command Complete (LE Set Scan Parameters)"
"736","22:33:02,390622","host","controller","HCI_CMD","11","Sent LE Set Scan Parameters"
"737","22:33:02,391678","controller","host","HCI_EVT","7","Rcvd Command Complete (LE Set Scan Parameters)"
"738","22:33:02,391739","host","controller","HCI_CMD","6","Sent LE Set Scan Enable"
"739","22:33:02,393171","controller","host","HCI_EVT","7","Rcvd Command Complete (LE Set Scan Enable)"
"740","22:33:06,878574","host","controller","HCI_CMD","7","Sent Vendor Command 0x0157 (opcode 0xFD57)"
"741","22:33:06,880161","controller","host","HCI_EVT","10","Rcvd Command Complete (Vendor Command 0x0157 [opcode 0xFD57])"
"742","22:33:06,880974","host","controller","HCI_CMD","7","Sent Vendor Command 0x0157 (opcode 0xFD57)"
"743","22:33:06,882370","controller","host","HCI_EVT","10","Rcvd Command Complete (Vendor Command 0x0157 [opcode 0xFD57])"
"744","22:33:06,883387","host","controller","HCI_CMD","7","Sent Vendor Command 0x0157 (opcode 0xFD57)"
"745","22:33:06,885295","controller","host","HCI_EVT","10","Rcvd Command Complete (Vendor Command 0x0157 [opcode 0xFD57])"
"746","22:33:06,886391","host","controller","HCI_CMD","7","Sent Vendor Command 0x0157 (opcode 0xFD57)"
"747","22:33:06,888485","controller","host","HCI_EVT","10","Rcvd Command Complete (Vendor Command 0x0157 [opcode 0xFD57])"
"748","22:33:06,889127","host","controller","HCI_CMD","7","Sent Vendor Command 0x0157 (opcode 0xFD57)"
"749","22:33:06,890778","controller","host","HCI_EVT","10","Rcvd Command Complete (Vendor Command 0x0157 [opcode 0xFD57])"
"750","22:33:06,893692","host","controller","HCI_CMD","6","Sent LE Set Scan Enable"
"751","22:33:06,911320","controller","host","HCI_EVT","7","Rcvd Command Complete (LE Set Scan Enable)"
"752","22:33:06,911453","host","controller","HCI_CMD","11","Sent LE Set Scan Parameters"
"753","22:33:06,916333","controller","host","HCI_EVT","7","Rcvd Command Complete (LE Set Scan Parameters)"
"754","22:33:06,916453","host","controller","HCI_CMD","11","Sent LE Set Scan Parameters"
"755","22:33:06,921453","controller","host","HCI_EVT","7","Rcvd Command Complete (LE Set Scan Parameters)"
"756","22:33:06,921627","host","controller","HCI_CMD","6","Sent LE Set Scan Enable"
"757","22:33:06,927178","controller","host","HCI_EVT","7","Rcvd Command Complete (LE Set Scan Enable)"
"758","22:34:48,330811","host","controller","HCI_CMD","4","Sent Vendor Command 0x0159 (opcode 0xFD59)"
"759","22:34:48,335198","controller","host","HCI_EVT","23","Rcvd Command Complete (Vendor Command 0x0159 [opcode 0xFD59])"
